<?xml version="1.0" encoding="UTF-8"?><?xml-stylesheet type='text/xsl' href='_UpgradeReport_Files/UpgradeReport.xslt'?><UpgradeLog>
<Properties><Property Name="Solution" Value="Tabuada">
</Property><Property Name="Solution File" Value="C:\diversos\sistemas\c#\Educativos\Tabuada\Tabuada.sln">
</Property><Property Name="User Options File" Value="C:\diversos\sistemas\c#\Educativos\Tabuada\Tabuada.suo">
</Property><Property Name="Date" Value="quarta-feira, 12 de setembro de 2012">
</Property><Property Name="Time" Value="17:46">
</Property></Properties><Event ErrorLevel="0" Project="" Source="Tabuada.sln" Description="File successfully backed up as C:\diversos\sistemas\c#\Educativos\Tabuada\Backup\Tabuada.sln">
</Event><Event ErrorLevel="0" Project="" Source="Tabuada.suo" Description="File successfully backed up as C:\diversos\sistemas\c#\Educativos\Tabuada\Backup\Tabuada.suo">
</Event><Event ErrorLevel="0" Project="Tabuada" Source="Tabuada.csproj" Description="Project file successfully backed up as C:\diversos\sistemas\c#\Educativos\Tabuada\Backup\Tabuada.csproj">
</Event><Event ErrorLevel="0" Project="Tabuada" Source="Tabuada.csproj.user" Description="Project user file successfully backed up as C:\diversos\sistemas\c#\Educativos\Tabuada\Backup\Tabuada.csproj.user">
</Event><Event ErrorLevel="0" Project="Tabuada" Source="frmTabuada.cs" Description="File successfully backed up as C:\diversos\sistemas\c#\Educativos\Tabuada\Backup\frmTabuada.cs">
</Event><Event ErrorLevel="0" Project="Tabuada" Source="frmTabuada.Designer.cs" Description="File successfully backed up as C:\diversos\sistemas\c#\Educativos\Tabuada\Backup\frmTabuada.Designer.cs">
</Event><Event ErrorLevel="0" Project="Tabuada" Source="Program.cs" Description="File successfully backed up as C:\diversos\sistemas\c#\Educativos\Tabuada\Backup\Program.cs">
</Event><Event ErrorLevel="0" Project="Tabuada" Source="Properties\AssemblyInfo.cs" Description="File successfully backed up as C:\diversos\sistemas\c#\Educativos\Tabuada\Backup\Properties\AssemblyInfo.cs">
</Event><Event ErrorLevel="0" Project="Tabuada" Source="Properties\Resources.Designer.cs" Description="File successfully backed up as C:\diversos\sistemas\c#\Educativos\Tabuada\Backup\Properties\Resources.Designer.cs">
</Event><Event ErrorLevel="0" Project="Tabuada" Source="Properties\Settings.Designer.cs" Description="File successfully backed up as C:\diversos\sistemas\c#\Educativos\Tabuada\Backup\Properties\Settings.Designer.cs">
</Event><Event ErrorLevel="0" Project="Tabuada" Source="Properties\Settings.settings" Description="File successfully backed up as C:\diversos\sistemas\c#\Educativos\Tabuada\Backup\Properties\Settings.settings">
</Event><Event ErrorLevel="0" Project="Tabuada" Source="frmTabuada.resx" Description="File successfully backed up as C:\diversos\sistemas\c#\Educativos\Tabuada\Backup\frmTabuada.resx">
</Event><Event ErrorLevel="0" Project="Tabuada" Source="Properties\Resources.resx" Description="File successfully backed up as C:\diversos\sistemas\c#\Educativos\Tabuada\Backup\Properties\Resources.resx">
</Event><Event ErrorLevel="0" Project="Tabuada" Source="Tabuada.csproj" Description="Project converted successfully">
</Event><Event ErrorLevel="3" Project="Tabuada" Source="Tabuada.csproj" Description="Converted">
</Event><Event ErrorLevel="0" Project="" Source="Tabuada.sln" Description="Solution converted successfully">
</Event><Event ErrorLevel="3" Project="" Source="Tabuada.sln" Description="Converted">
</Event><Event ErrorLevel="0" Project="Tabuada" Source="Tabuada.csproj" Description="Scan complete: Upgrade not required for project files.">
</Event></UpgradeLog>